{"cameraMode":{"drawMode":0,"name":"Shaded","section":"Shading Mode"},"sceneLighting":true,"audioPlay":false,"sceneViewState":{"m_AlwaysRefresh":false,"showFog":true,"showSkybox":true,"showFlares":true,"showImageEffects":true,"showParticleSystems":true,"showVisualEffectGraphs":true,"m_FxEnabled":true},"in2DMode":false,"pivot":{"x":0.5731276273727417,"y":-8.730779647827149,"z":-9.845884323120118},"rotation":{"x":-0.011396707966923714,"y":-0.9443992376327515,"z":0.3269766867160797,"w":-0.03291408345103264},"size":11.714614868164063,"orthographic":false}