{"cameraMode":{"drawMode":0,"name":"Shaded","section":"Shading Mode"},"sceneLighting":true,"audioPlay":false,"sceneViewState":{"m_AlwaysRefresh":false,"showFog":true,"showSkybox":true,"showFlares":true,"showImageEffects":true,"showParticleSystems":true,"showVisualEffectGraphs":true,"m_FxEnabled":true},"in2DMode":false,"pivot":{"x":-29.35508155822754,"y":-11.036042213439942,"z":-76.31169128417969},"rotation":{"x":0.16995637118816377,"y":0.07677707821130753,"z":-0.013282041996717453,"w":0.9823756217956543},"size":20.118833541870118,"orthographic":false}