{"cameraMode":{"drawMode":0,"name":"Shaded","section":"Shading Mode"},"sceneLighting":true,"audioPlay":false,"sceneViewState":{"m_AlwaysRefresh":false,"showFog":true,"showSkybox":true,"showFlares":true,"showImageEffects":true,"showParticleSystems":true,"showVisualEffectGraphs":true,"m_FxEnabled":true},"in2DMode":false,"pivot":{"x":-18.154035568237306,"y":57.934574127197269,"z":-53.17799377441406},"rotation":{"x":0.16995637118816377,"y":0.07677707821130753,"z":-0.013282041996717453,"w":0.9823756217956543},"size":49.47228240966797,"orthographic":false}