{"cameraMode":{"drawMode":0,"name":"Shaded","section":"Shading Mode"},"sceneLighting":true,"audioPlay":false,"sceneViewState":{"m_AlwaysRefresh":false,"showFog":true,"showSkybox":true,"showFlares":true,"showImageEffects":true,"showParticleSystems":true,"showVisualEffectGraphs":true,"m_FxEnabled":true},"in2DMode":false,"pivot":{"x":39.75018310546875,"y":-52.22502517700195,"z":31.147869110107423},"rotation":{"x":-0.19805985689163209,"y":0.30911916494369509,"z":-0.06598784774541855,"w":-0.9278312921524048},"size":11.668107032775879,"orthographic":false}