{"cameraMode":{"drawMode":0,"name":"Shaded","section":"Shading Mode"},"sceneLighting":true,"audioPlay":false,"sceneViewState":{"m_AlwaysRefresh":false,"showFog":true,"showSkybox":true,"showFlares":true,"showImageEffects":true,"showParticleSystems":true,"showVisualEffectGraphs":true,"m_FxEnabled":true},"in2DMode":false,"pivot":{"x":558.8251342773438,"y":119.53248596191406,"z":-121.67282104492188},"rotation":{"x":0.16995637118816377,"y":0.07677707821130753,"z":-0.013282041996717453,"w":0.9823756217956543},"size":770.9549560546875,"orthographic":false}